firstName,lastName,email,jobTitle,countryCode,companyName,yearsInRole,phoneNumber,linkedinUrl
Iñaki,Álvarez,rodriguezbrian@smith.net,Restaurant manager,ES,Rogers Inc,10,+1-648-901-1274x3620,https://www.linkedin.com/in/inaki-alvarez
Curtis,Monson,curtismonson80@gmail.com,General practice doctor,US,Alexander-Smith,5,,linkedin.com/in/curtis-monson
Curtis,Monson,curtismonson80@gmail.com,General practice doctor,US,Alexander-Smith,5,,https://www.linkedin.com/company/acme
Micheal,,ewelch@yahoo.com,Financial trader,JO,Hayes Group,,,http://www.linkedin.com/in/micheal/
Gabrielle,,uharrington@austin.com,Secretary/administrator,XXX,Ray LLC,15,,gabrielle
James,,marilyngonzales@hotmail.com,Games developer,,,10,+1-627-991-1712x7922,https://twitter.com/handle
Nicolas,,victor77@lawson-wyatt.com,Environmental consultant,MK,Murray and Sons,2,3467565048,linkedin.com/in/nicolas
Meghan,Williams,michael04@jones-marshall.com,Museum education officer,TH,Thomas PLC,15,,https://es.linkedin.com/in/meghan-williams?trk=public_profile
Kendra,Wright,invalid email,Investment analyst,KW,Montoya Inc,2,,not-a-profile
Julia,Rodriguez,,Restaurant manager,XXX,Munoz-White,2,001-780-166-5134x703,julia-rodriguez
Martin,,jessicathomas@rivera.com,"Production assistant, radio",SG,"Wang, Young and Rowland",10,,https://www.linkedin.com/in/martin
Janet,,sherry65@vaughan.info,Advertising copywriter,PA,Wright LLC,1,(816)237-0737x0663,
Amanda,James,kevin03@beard.net,"Research officer, trade union",12,Page-Bond,15,+1-076-096-4074x6140,https://es.linkedin.com/in/amanda-james?trk=public_profile
Amy,Stein,,"Scientist, product/process development",KI,Harris-Lee,5,,http://www.linkedin.com/in/amy-stein/
Latasha,Martin,aprilmcconnell@gmail.com,Diagnostic radiographer,XXX,Bates Inc,10,,https://www.linkedin.com/company/acme
,Miles,invalid email,Archaeologist,HR,Matthews-Maxwell,10,,https://www.linkedin.com/in/miles
Linda,Choi,ramireztracy@norton-jackson.biz,Applications developer,XXX,"Baker, Erickson and Bauer",10,372-363-8280,linkedin.com/in/linda-choi
Leslie,,annahoffman@hotmail.com,Osteopath,AO,Hines-Wells,15,990-054-7491x78196,https://twitter.com/handle
Stephen,Brown,lconrad@bennett.org,Forensic psychologist,FR,"Porter, Brown and Butler",1,,http://www.linkedin.com/in/stephen-brown/
Jessica,Harris,invalid email,Operational researcher,TZ,Robinson PLC,5,,jessica-harris
Raymond,,invalid email,,GD,Webb-Mason,5,,not-a-profile
,,,,,,,,
Steven,Hernandez,rodriguezbrian@smith.net,Restaurant manager,,Rogers Inc,10,+1-648-901-1274x3620,https://es.linkedin.com/in/steven-hernandez?trk=public_profile
